1,Hassan,Khadra,f7facc0389b31f3aea9d7d5abb6eadce,hassan@gmail.com,12345678,admin
2,eeded,dddd,1f4aa65560ac9bb869ac2187a542a42e,dd@.rrr,12345678,client
3,hassan,kh,bd311334f1f22943a56b3cacb8c7882e,h@.com,12345678,client
3,hhhiu,hjj,aa0ad9b5f97b80de76031439a97b46e9,yuygu@g.jujj,12345678,client
5,deded,ded,4454a0587fed721b3d40a15c81324c9e,efef@.ddd,12345678,admin
6,dwddw,wdwdw,49ef9afca85ce98851bd9b3b03c6bcc0,dd@.wdwd,12345678,client
7,hsn,kh,620b9084907e1eb9e0f6658ff928c3de,ha@.com,12345678,client
8,hassan,khadra,b3d1422376be8acea9d9e3c54885fae1,h@gmail.com,12345678,admin
9,youssef,keryakos,d4c3d9f4c0e8a439dd2b7a8b477b242c,you@you.com,00000000,client
10,youssef,eid,4b0c17a2f235c8bd0fd69c4e84832c75,youssef@gmail.com,12345678,admin
11,cookie,cookie,c4b3e930f2124da2d03da64d143f10c6,cookie@gmail.com,12345678,admin
12,hassan,hello,7086e22e1029f875b5bbe35d64867026,81@gmail.com,12345678,admin
13,hsn,hsn,7086e22e1029f875b5bbe35d64867026,hoo@gmail.com,12345678,admin
